title,price,SKU,image,url
Anillo solitario de oro blanco y diamantes de 0.40 quilates,"1.850,00 €",1020765,https://www.pedroluisolivaresjoyero.com/media/catalog/product/cache/55ad6519381e93cd8315fe465564ee1e/a/n/anillo-solitario-oro-blanco-diamante-0-40-quilates_1_2.jpg,https://www.pedroluisolivaresjoyero.com/es/solitario-de-oro-blanco-con-diamantes-0-40-quilates-joyeria-murcia.html
Anillo de compromiso de oro blanco con diamantes 0.25 quilates,"675,00 €",1020748,https://www.pedroluisolivaresjoyero.com/media/catalog/product/cache/55ad6519381e93cd8315fe465564ee1e/a/n/anillo-de-compromiso-0-25-quilates-1020748-joyeria-murcia.jpg,https://www.pedroluisolivaresjoyero.com/es/anillo-de-compromiso-de-oro-blanco-con-diamantes-0-25-quilates-joyeria-murcia.html
Media Alianza de oro rosa y diamantes de 0.15 quilates,"670,00 €",2730421,https://www.pedroluisolivaresjoyero.com/media/catalog/product/cache/55ad6519381e93cd8315fe465564ee1e/m/e/media-alianza-oro-rosa-diamantes-0-15-quilates.jpg,https://www.pedroluisolivaresjoyero.com/es/media-alianza-oro-rosa-diamantes-0-15-quilates-joyeria-murcia.html
Anillo tipo alianza de oro blanco con diamantes 0.75 quilates,"1.600,00 €",1052769,https://www.pedroluisolivaresjoyero.com/media/catalog/product/cache/55ad6519381e93cd8315fe465564ee1e/1/0/1052649_1.jpg,https://www.pedroluisolivaresjoyero.com/es/anillo-alianza-oro-blanco-diamantes-talla-brillante-0-75-quilates-joyerias-en-murcia.html
"Media alianza de oro blanco con diamantes 1,00 quilates","2.400,00 €",1020787,https://www.pedroluisolivaresjoyero.com/media/catalog/product/cache/55ad6519381e93cd8315fe465564ee1e/1/0/1020787.jpg,https://www.pedroluisolivaresjoyero.com/es/media-alianza-oro-blanco-diamantes-talla-brillante-1-quilate-joyeria-murcia.html
"Media alianza de oro blanco con diamantes 0,75 quilates","2.850,00 €",1052814,https://www.pedroluisolivaresjoyero.com/media/catalog/product/cache/55ad6519381e93cd8315fe465564ee1e/m/e/media-alianza-oro-blanco-diamantes-0-75-quilates_1.jpg,https://www.pedroluisolivaresjoyero.com/es/media-alianza-oro-blanco-diamantes-talla-brillante-0-75-quilates-joyeria-murcia.html
Anillo tipo alianza de oro blanco y diamantes de 1.75 quilates,"3.700,00 €",1052591,https://www.pedroluisolivaresjoyero.com/media/catalog/product/cache/55ad6519381e93cd8315fe465564ee1e/m/e/media-alianza-oro-blanco-diamantes-1-75-quilates_1.jpg,https://www.pedroluisolivaresjoyero.com/es/anillo-alianza-oro-blanco-diamantes-talla-brillante-1-75-quilates-joyeria-murcia.html
Anillo de oro blanco y diamantes de 1.11 quilates,"3.450,00 €",1120738,https://www.pedroluisolivaresjoyero.com/media/catalog/product/cache/55ad6519381e93cd8315fe465564ee1e/m/e/media-alianza-oro-blanco-diamantes-1-11-quilates.jpg,https://www.pedroluisolivaresjoyero.com/es/anillo-oro-blanco-diamantes-1-11-quilates-joyeria-murcia-pedro-luis-olivares.html
Anillo tipo alianza de oro blanco con diamantes 0.50 quilates,"990,00 €",1052650,https://www.pedroluisolivaresjoyero.com/media/catalog/product/cache/55ad6519381e93cd8315fe465564ee1e/a/l/alianza-oro-blanco-1052650_2_.jpg,https://www.pedroluisolivaresjoyero.com/es/anillo-alianza-oro-blanco-diamantes-talla-brillante-0-50-quilates-joyerias-en-murcia.html
Media alianza de oro blanco con diamantes 1.5 quilates,"6.500,00 €",1052647,https://www.pedroluisolivaresjoyero.com/media/catalog/product/cache/55ad6519381e93cd8315fe465564ee1e/m/e/media-alianza-oro-blanco-1-5-quilates.jpg,https://www.pedroluisolivaresjoyero.com/es/media-alianza-oro-blanco-diamantes-talla-brillante-1-5-quilates-joyeria-murcia.html
Anillo solitario de oro blanco y diamantes de 0.50 quilates,"3.990,00 €",2730448,https://www.pedroluisolivaresjoyero.com/media/catalog/product/cache/55ad6519381e93cd8315fe465564ee1e/a/n/anillo-solitario-oro-blanco-diamante-0-40-quilates_1_1.jpg,https://www.pedroluisolivaresjoyero.com/es/solitario-de-oro-blanco-y-diamante-0-50-quilates-color-g-pureza-vs.html
Anillo solitario de oro blanco y diamantes de 0.51 quilates,"2.200,00 €",1120740,https://www.pedroluisolivaresjoyero.com/media/catalog/product/cache/55ad6519381e93cd8315fe465564ee1e/m/e/media-alianza-oro-blanco-diamantes-0-51-quilates_1.jpg,https://www.pedroluisolivaresjoyero.com/es/anillo-solitario-oro-blanco-diamantes-0-51-quilates-color-g-pureza-vs-joyeria-murcia.html
Media alianza de oro blanco y diamantes talla brillante 0.23 quilates,"790,00 €",2730450,https://www.pedroluisolivaresjoyero.com/media/catalog/product/cache/55ad6519381e93cd8315fe465564ee1e/m/e/media-alianza-oro-blanco-diamantes-0-23-quilates_2.jpg,https://www.pedroluisolivaresjoyero.com/es/media-alianza-oro-blanco-diamantes-talla-brillante-2730169.html
Media Alianza de oro blanco y diamantes de 0.19 quilates,"760,00 €",2730453,https://www.pedroluisolivaresjoyero.com/media/catalog/product/cache/55ad6519381e93cd8315fe465564ee1e/m/e/media-alianza-oro-blanco-brillantes.jpg,https://www.pedroluisolivaresjoyero.com/es/media-alianza-oro-blanco-diamantes-talla-brillante-0-19-quilates-joyeria-murcia.html
Media Alianza de oro rosa y diamantes de 0.23 quilates,"850,00 €",2730422,https://www.pedroluisolivaresjoyero.com/media/catalog/product/cache/55ad6519381e93cd8315fe465564ee1e/m/e/media-alianza-oro-rosa-diamantes-0-23-quilates.jpg,https://www.pedroluisolivaresjoyero.com/es/media-alianza-oro-rosa-diamantes-talla-brillante-2730173.html
Anillo de oro blanco y diamantes de 1.17 quilates,"3.250,00 €",1120742,https://www.pedroluisolivaresjoyero.com/media/catalog/product/cache/55ad6519381e93cd8315fe465564ee1e/m/e/media-alianza-oro-blanco-diamantes-1-17-quilates_7.jpg,https://www.pedroluisolivaresjoyero.com/es/anillo-oro-blanco-diamantes-1-17-quilates-joyeria-murcia-pedro-luis-olivares.html
Anillo solitario de oro blanco y un diamante de 0.25 quilates,"1.290,00 €",2730452,https://www.pedroluisolivaresjoyero.com/media/catalog/product/cache/55ad6519381e93cd8315fe465564ee1e/a/n/anillo-solitario-oro-blanco-diamante-0-25-quilates_2.jpg,https://www.pedroluisolivaresjoyero.com/es/solitario-de-oro-blanco-y-diamante-color-g-pureza-vs-0-25-quilates-joyeria-murcia.html
Anillo solitario de oro blanco y diamantes de 0.26 quilates,"1.350,00 €",2730397,https://www.pedroluisolivaresjoyero.com/media/catalog/product/cache/55ad6519381e93cd8315fe465564ee1e/a/n/anillo-solitario-oro-blanco-diamantes-0-27-quilates_2.jpg,https://www.pedroluisolivaresjoyero.com/es/solitario-de-oro-blanco-con-diamantes-0-26-quilates-joyeria-murcia.html
Solitario de oro blanco con diamante 0.10 quilates,"670,00 €",2730216,https://www.pedroluisolivaresjoyero.com/media/catalog/product/cache/55ad6519381e93cd8315fe465564ee1e/a/n/anillo-solitario-oro-blanco-brillante-0-10.jpg,https://www.pedroluisolivaresjoyero.com/es/anillo-solitario-oro-blanco-diamante-talla-brillante-0-10-quilates-joyeria-murcia.html
Media alianza de oro blanco y diamantes de 0.11 quilates,"575,00 €",2730451,https://www.pedroluisolivaresjoyero.com/media/catalog/product/cache/55ad6519381e93cd8315fe465564ee1e/m/e/media-alianza-oro-blanco-diamante-0-11-quilates_1.jpg,https://www.pedroluisolivaresjoyero.com/es/media-alianza-oro-blanco-diamantes-talla-brillante-0-11-quilates-joyeria-murcia.html
Anillo elástico de oro rosa y diamantes 1.28 quilates,"2.800,00 €",2810035,https://www.pedroluisolivaresjoyero.com/media/catalog/product/cache/55ad6519381e93cd8315fe465564ee1e/a/n/anillo-el_stico-oro-rosa-brillantes_1.jpg,https://www.pedroluisolivaresjoyero.com/es/anillo-elastico-de-oro-rosa-y-diamantes-1-28-quilates.html
Media Alianza de oro blanco y diamantes de 0.05 quilates,"425,00 €",2730455,https://www.pedroluisolivaresjoyero.com/media/catalog/product/cache/55ad6519381e93cd8315fe465564ee1e/m/e/media-alianza-oro-blanco-diamantes-0-06-quilates.jpg,https://www.pedroluisolivaresjoyero.com/es/media-alianza-oro-blanco-diamantes-talla-brillante-0-05-quilates.html
Solitario de oro blanco con diamante 0.27 quilates,"1.575,00 €",2730447,https://www.pedroluisolivaresjoyero.com/media/catalog/product/cache/55ad6519381e93cd8315fe465564ee1e/2/7/2730221_1.jpg,https://www.pedroluisolivaresjoyero.com/es/anillo-solitario-oro-blanco-diamante-talla-brillante-0-27-quilates-joyeria-murcia.html
Solitario de oro blanco con diamante 0.15 quilates,"790,00 €",2730217,https://www.pedroluisolivaresjoyero.com/media/catalog/product/cache/55ad6519381e93cd8315fe465564ee1e/a/n/anillo-solitario-oro-blanco-brillante_1_1.jpg,https://www.pedroluisolivaresjoyero.com/es/anillo-solitario-oro-blanco-diamante-talla-brillante-0-15-quilates-joyeria-murcia.html
Solitario de oro blanco con diamante 0.34 quilates,"2.250,00 €",2730419,https://www.pedroluisolivaresjoyero.com/media/catalog/product/cache/55ad6519381e93cd8315fe465564ee1e/a/n/anillo-solitario-oro-blanco.jpg,https://www.pedroluisolivaresjoyero.com/es/anillo-solitario-oro-blanco-diamante-talla-brillante-0-34-quilates-joyeria-murcia.html
Anillo solitario de oro blanco y diamantes 0.38 quilates,"2.150,00 €",1220102,https://www.pedroluisolivaresjoyero.com/media/catalog/product/cache/55ad6519381e93cd8315fe465564ee1e/1/2/1220102.jpg,https://www.pedroluisolivaresjoyero.com/es/anillo-de-compromiso-solitario-oro-blanco-diamantes-0-38-quilates-joyeria-murcia.html
Solitario de oro blanco con diamante 0.25 quilates,"1.490,00 €",2730417,https://www.pedroluisolivaresjoyero.com/media/catalog/product/cache/55ad6519381e93cd8315fe465564ee1e/a/n/anillo-solitario-oro-blanco-diamante.jpg,https://www.pedroluisolivaresjoyero.com/es/anillo-solitario-oro-blanco-diamante-talla-brillante-0-25-quilates-joyeria-murcia.html
Anillo solitario de oro blanco y diamantes 0.48 quilates,"2.450,00 €",1220101,https://www.pedroluisolivaresjoyero.com/media/catalog/product/cache/55ad6519381e93cd8315fe465564ee1e/1/2/1220101_1.jpg,https://www.pedroluisolivaresjoyero.com/es/anillo-de-compromiso-solitario-oro-blanco-diamantes-0-48-quilates-joyeria-en-murcia.html
Media alianza de oro blanco con diamantes 1.40 quilates,"4.900,00 €",1052874,https://www.pedroluisolivaresjoyero.com/media/catalog/product/cache/55ad6519381e93cd8315fe465564ee1e/1/0/1052874.jpg,https://www.pedroluisolivaresjoyero.com/es/media-alianza-de-oro-blanco-con-diamantes-1-40-quilates.html
Anillo solitario de oro blanco y diamantes de 0.13 quilates,"670,00 €",2730194,https://www.pedroluisolivaresjoyero.com/media/catalog/product/cache/55ad6519381e93cd8315fe465564ee1e/a/n/anillo-solitario-oro-blanco-diamante-0-13-quilates.jpg,https://www.pedroluisolivaresjoyero.com/es/solitario-de-oro-blanco-y-diamante-0-13-quilates-color-g-pureza-vs-joyeria-murcia.html
Anillo solitario de oro blanco y diamante central 0.48 quilates,"2.850,00 €",1220103,https://www.pedroluisolivaresjoyero.com/media/catalog/product/cache/55ad6519381e93cd8315fe465564ee1e/1/2/1220103_-_corregido.jpg,https://www.pedroluisolivaresjoyero.com/es/anillo-de-compromiso-solitario-oro-blanco-diamantes-0-48-quilates.html
Anillo elástico de oro blanco y diamantes,"2.800,00 €",2810034,https://www.pedroluisolivaresjoyero.com/media/catalog/product/cache/55ad6519381e93cd8315fe465564ee1e/a/n/anillo-el_stico-oro-blanco-brillantes_1.jpg,https://www.pedroluisolivaresjoyero.com/es/anillo-elastico-oro-blanco-diamantes-1-28-quilates-joyeria-murcia.html
